EmployeeID,CourseID,Proficiency,SkillType,CertificateLink,ScoreObtained,Verified,ScoreCategory
JMD301,9,Basic,ASSESSMENT,nan,58.0,False,Below average
JMD301,52,Basic,ASSESSMENT,nan,99.0,False,Excellent
JMD301,31,Advanced,ASSESSMENT,nan,68.0,True,Average
JMD301,37,Basic,CERTIFICATE,http://example.com/certificate/JMD301/37,,True,
JMD301,29,Advanced,CERTIFICATE,http://example.com/certificate/JMD301/29,,True,
JMD302,15,Basic,CERTIFICATE,http://example.com/certificate/JMD302/15,,True,
JMD302,26,Intermediate,CERTIFICATE,http://example.com/certificate/JMD302/26,,True,
JMD302,16,Advanced,ASSESSMENT,nan,70.0,True,Average
JMD302,44,Intermediate,CERTIFICATE,http://example.com/certificate/JMD302/44,,True,
JMD302,35,Advanced,CERTIFICATE,http://example.com/certificate/JMD302/35,,True,
JMD302,42,Advanced,CERTIFICATE,http://example.com/certificate/JMD302/42,,False,
JMD303,63,Intermediate,ASSESSMENT,nan,71.0,False,Good
JMD303,48,Intermediate,CERTIFICATE,http://example.com/certificate/JMD303/48,,False,
JMD303,55,Intermediate,ASSESSMENT,nan,75.0,False,Good
JMD303,60,Intermediate,CERTIFICATE,http://example.com/certificate/JMD303/60,,True,
JMD303,30,Intermediate,CERTIFICATE,http://example.com/certificate/JMD303/30,,True,
JMD303,15,Basic,ASSESSMENT,nan,52.0,False,Below average
JMD304,19,Basic,ASSESSMENT,nan,54.0,True,Below average
JMD304,5,Advanced,ASSESSMENT,nan,95.0,True,Excellent
JMD304,50,Advanced,ASSESSMENT,nan,72.0,True,Good
JMD304,9,Intermediate,CERTIFICATE,http://example.com/certificate/JMD304/9,,False,
JMD304,24,Advanced,CERTIFICATE,http://example.com/certificate/JMD304/24,,True,
JMD305,26,Intermediate,ASSESSMENT,nan,52.0,True,Below average
JMD305,58,Advanced,ASSESSMENT,nan,86.0,True,Best
JMD305,25,Basic,CERTIFICATE,http://example.com/certificate/JMD305/25,,False,
JMD305,27,Advanced,CERTIFICATE,http://example.com/certificate/JMD305/27,,False,
JMD305,47,Advanced,CERTIFICATE,http://example.com/certificate/JMD305/47,,False,
JMD306,26,Intermediate,CERTIFICATE,http://example.com/certificate/JMD306/26,,True,
JMD306,53,Advanced,CERTIFICATE,http://example.com/certificate/JMD306/53,,True,
JMD306,66,Basic,ASSESSMENT,nan,67.0,True,Average
JMD306,6,Basic,CERTIFICATE,http://example.com/certificate/JMD306/6,,False,
JMD306,44,Basic,ASSESSMENT,nan,90.0,False,Best
JMD306,35,Intermediate,CERTIFICATE,http://example.com/certificate/JMD306/35,,True,
JMD306,19,Intermediate,CERTIFICATE,http://example.com/certificate/JMD306/19,,True,
JMD307,16,Basic,CERTIFICATE,http://example.com/certificate/JMD307/16,,True,
JMD307,31,Intermediate,ASSESSMENT,nan,70.0,False,Average
JMD307,27,Basic,ASSESSMENT,nan,78.0,True,Good
JMD307,23,Basic,ASSESSMENT,nan,91.0,True,Excellent
JMD307,48,Intermediate,ASSESSMENT,nan,97.0,True,Excellent
JMD307,25,Basic,CERTIFICATE,http://example.com/certificate/JMD307/25,,True,
JMD307,7,Advanced,ASSESSMENT,nan,52.0,True,Below average
JMD308,38,Intermediate,ASSESSMENT,nan,56.0,True,Below average
JMD308,65,Advanced,ASSESSMENT,nan,72.0,False,Good
JMD308,50,Basic,CERTIFICATE,http://example.com/certificate/JMD308/50,,True,
JMD308,2,Basic,CERTIFICATE,http://example.com/certificate/JMD308/2,,True,
JMD308,27,Advanced,ASSESSMENT,nan,76.0,True,Good
JMD308,70,Advanced,CERTIFICATE,http://example.com/certificate/JMD308/70,,True,
JMD309,35,Intermediate,CERTIFICATE,http://example.com/certificate/JMD309/35,,True,
JMD309,43,Basic,ASSESSMENT,nan,78.0,True,Good
JMD309,25,Basic,ASSESSMENT,nan,71.0,True,Good
JMD309,14,Intermediate,CERTIFICATE,http://example.com/certificate/JMD309/14,,True,
JMD309,19,Advanced,CERTIFICATE,http://example.com/certificate/JMD309/19,,False,
JMD309,51,Intermediate,ASSESSMENT,nan,64.0,False,Average
JMD310,23,Intermediate,ASSESSMENT,nan,63.0,True,Average
JMD310,46,Basic,CERTIFICATE,http://example.com/certificate/JMD310/46,,False,
JMD310,5,Advanced,CERTIFICATE,http://example.com/certificate/JMD310/5,,False,
JMD310,70,Advanced,CERTIFICATE,http://example.com/certificate/JMD310/70,,True,
JMD310,18,Advanced,CERTIFICATE,http://example.com/certificate/JMD310/18,,True,
JMD310,48,Advanced,CERTIFICATE,http://example.com/certificate/JMD310/48,,True,
JMD310,7,Intermediate,ASSESSMENT,nan,74.0,True,Good
JMD311,50,Basic,ASSESSMENT,nan,69.0,False,Average
JMD311,24,Advanced,ASSESSMENT,nan,51.0,False,Below average
JMD311,15,Intermediate,ASSESSMENT,nan,76.0,False,Good
JMD311,49,Basic,CERTIFICATE,http://example.com/certificate/JMD311/49,,True,
JMD311,20,Basic,CERTIFICATE,http://example.com/certificate/JMD311/20,,True,
JMD311,51,Basic,ASSESSMENT,nan,80.0,False,Good
JMD312,53,Advanced,CERTIFICATE,http://example.com/certificate/JMD312/53,,True,
JMD312,39,Basic,CERTIFICATE,http://example.com/certificate/JMD312/39,,False,
JMD312,27,Advanced,CERTIFICATE,http://example.com/certificate/JMD312/27,,False,
JMD312,12,Basic,ASSESSMENT,nan,72.0,False,Good
JMD312,41,Basic,ASSESSMENT,nan,80.0,False,Good
JMD312,46,Basic,CERTIFICATE,http://example.com/certificate/JMD312/46,,False,
JMD312,6,Advanced,ASSESSMENT,nan,99.0,True,Excellent
JMD313,53,Advanced,ASSESSMENT,nan,91.0,True,Excellent
JMD313,30,Intermediate,ASSESSMENT,nan,82.0,True,Best
JMD313,13,Basic,ASSESSMENT,nan,75.0,True,Good
JMD313,43,Basic,ASSESSMENT,nan,60.0,True,Below average
JMD313,52,Advanced,ASSESSMENT,nan,69.0,True,Average
JMD313,50,Basic,CERTIFICATE,http://example.com/certificate/JMD313/50,,True,
JMD313,41,Advanced,CERTIFICATE,http://example.com/certificate/JMD313/41,,True,
JMD314,14,Intermediate,CERTIFICATE,http://example.com/certificate/JMD314/14,,True,
JMD314,61,Basic,CERTIFICATE,http://example.com/certificate/JMD314/61,,False,
JMD314,48,Advanced,CERTIFICATE,http://example.com/certificate/JMD314/48,,True,
JMD314,51,Basic,CERTIFICATE,http://example.com/certificate/JMD314/51,,False,
JMD314,38,Basic,CERTIFICATE,http://example.com/certificate/JMD314/38,,False,
JMD314,42,Basic,CERTIFICATE,http://example.com/certificate/JMD314/42,,True,
JMD315,9,Advanced,ASSESSMENT,nan,80.0,True,Good
JMD315,45,Advanced,CERTIFICATE,http://example.com/certificate/JMD315/45,,True,
JMD315,38,Intermediate,CERTIFICATE,http://example.com/certificate/JMD315/38,,True,
JMD315,61,Basic,ASSESSMENT,nan,64.0,False,Average
JMD315,34,Intermediate,ASSESSMENT,nan,70.0,False,Average
JMD315,33,Basic,CERTIFICATE,http://example.com/certificate/JMD315/33,,False,
JMD315,71,Basic,CERTIFICATE,http://example.com/certificate/JMD315/71,,False,
JMD316,31,Intermediate,CERTIFICATE,http://example.com/certificate/JMD316/31,,True,
JMD316,42,Advanced,CERTIFICATE,http://example.com/certificate/JMD316/42,,True,
JMD316,17,Advanced,ASSESSMENT,nan,65.0,True,Average
JMD316,32,Intermediate,ASSESSMENT,nan,53.0,True,Below average
JMD316,36,Basic,CERTIFICATE,http://example.com/certificate/JMD316/36,,False,
JMD317,54,Advanced,ASSESSMENT,nan,73.0,True,Good
JMD317,71,Basic,CERTIFICATE,http://example.com/certificate/JMD317/71,,True,
JMD317,35,Basic,ASSESSMENT,nan,84.0,True,Best
JMD317,53,Intermediate,CERTIFICATE,http://example.com/certificate/JMD317/53,,True,
JMD317,55,Intermediate,CERTIFICATE,http://example.com/certificate/JMD317/55,,False,
JMD317,49,Basic,CERTIFICATE,http://example.com/certificate/JMD317/49,,False,
JMD318,8,Advanced,ASSESSMENT,nan,73.0,False,Good
JMD318,70,Intermediate,CERTIFICATE,http://example.com/certificate/JMD318/70,,False,
JMD318,39,Intermediate,CERTIFICATE,http://example.com/certificate/JMD318/39,,False,
JMD318,50,Intermediate,ASSESSMENT,nan,67.0,False,Average
JMD318,36,Basic,CERTIFICATE,http://example.com/certificate/JMD318/36,,False,
JMD319,25,Basic,CERTIFICATE,http://example.com/certificate/JMD319/25,,False,
JMD319,55,Intermediate,CERTIFICATE,http://example.com/certificate/JMD319/55,,False,
JMD319,34,Intermediate,ASSESSMENT,nan,51.0,True,Below average
JMD319,38,Advanced,CERTIFICATE,http://example.com/certificate/JMD319/38,,False,
JMD319,49,Basic,ASSESSMENT,nan,76.0,True,Good
JMD319,28,Advanced,CERTIFICATE,http://example.com/certificate/JMD319/28,,False,
JMD320,4,Intermediate,ASSESSMENT,nan,85.0,False,Best
JMD320,59,Basic,CERTIFICATE,http://example.com/certificate/JMD320/59,,False,
JMD320,36,Intermediate,ASSESSMENT,nan,69.0,False,Average
JMD320,24,Basic,CERTIFICATE,http://example.com/certificate/JMD320/24,,True,
JMD320,33,Intermediate,CERTIFICATE,http://example.com/certificate/JMD320/33,,True,
JMD320,61,Intermediate,ASSESSMENT,nan,94.0,True,Excellent
JMD320,8,Advanced,CERTIFICATE,http://example.com/certificate/JMD320/8,,False,
