EmployeeID,Firstname,Lastname,Designation,YearOfJoining
JMD301,Donald,Phelps,Solution Enabler,2022
JMD302,Karen,Lee,Solution Enabler,2022
JMD303,Matthew,Cook,IT Support,2020
JMD304,Patricia,Rodriguez,Software Engineer,2024
JMD305,Cynthia,Carter,Software Engineer,2024
JMD306,Jessica,Stevens,IT Support,2020
JMD307,Kathy,Adams,IT Support,2023
JMD308,Rebecca,Farmer,Software Engineer,2024
JMD309,Willie,Barton,Solution Enabler,2022
JMD310,Jon,Wilkerson,Software Engineer,2021
JMD311,Sara,Mathews,Software Engineer,2022
JMD312,Patricia,Watson,Software Engineer,2024
JMD313,Katherine,Maldonado,Software Engineer,2022
JMD314,Jason,Carrillo,Software Engineer,2022
JMD315,Sandra,Watson,Software Engineer,2022
JMD316,Jenny,Lewis,IT Support,2024
JMD317,Matthew,Horn,Solution Enabler,2022
JMD318,Angela,Friedman,Software Engineer,2024
JMD319,Wesley,Mack,Software Engineer,2023
JMD320,Robert,Carpenter,IT Support,2021
